{
  "project_info": {
    "project_number": "600133380540",
    "firebase_url": "https://realme-11a69.firebaseio.com",
    "project_id": "realme-11a69",
    "storage_bucket": "realme-11a69.appspot.com"
  },
  "client": [
    {
      "client_info": {
        "mobilesdk_app_id": "1:600133380540:android:a9587116bfae360352e3b9",
        "android_client_info": {
          "package_name": "com.example.realme"
        }
      },
      "oauth_client": [
        {
          "client_id": "600133380540-uhnkjveiac03ihjam5ei3680mi1p2i1k.apps.googleusercontent.com",
          "client_type": 1,
          "android_info": {
            "package_name": "com.example.realme",
            "certificate_hash": "3a8b9f3ff3b5a6432ea1bea4bf127aeb1ab984ea"
          }
        },
        {
          "client_id": "600133380540-dejpkn5l9rlmd61vb0uafh7aemq0jvp8.apps.googleusercontent.com",
          "client_type": 3
        }
      ],
      "api_key": [
        {
          "current_key": "AIzaSyD5g978br7rF30g-8ZWM94XnU6YpCrmVpk"
        }
      ],
      "services": {
        "appinvite_service": {
          "other_platform_oauth_client": [
            {
              "client_id": "600133380540-dejpkn5l9rlmd61vb0uafh7aemq0jvp8.apps.googleusercontent.com",
              "client_type": 3
            }
          ]
        }
      }
    }
  ],
  "configuration_version": "1"
}